epoch,dice_coef,loss,lr,val_dice_coef,val_loss
0,0.1346358060836792,0.8653642535209656,1e-04,0.025709981098771095,0.9743694067001343
